{
  "micro_f1": 0.48997185080928923,
  "macro_f1": 0.3474726453900759,
  "weighted_f1": 0.455914661028964,
  "micro_precision": 0.4948911594846735,
  "micro_recall": 0.48514937723194845,
  "macro_precision": 0.40503116505977615,
  "macro_recall": 0.3356932353465246,
  "jaccard_score": 0.48859822605777303,
  "hamming_loss": 0.03722967072481636,
  "subset_accuracy": 0.47707659115426104,
  "partial_match_accuracy": 0.5004494786048184,
  "per_class_metrics": [
    {
      "id": 20,
      "name": "neutral",
      "f1": 0.5951293759512938,
      "precision": 0.5009609224855862,
      "recall": 0.7328959700093721,
      "support": 3201
    },
    {
      "id": 0,
      "name": "admiration",
      "f1": 0.5936473165388828,
      "precision": 0.6028921023359288,
      "recall": 0.5846817691477886,
      "support": 927
    },
    {
      "id": 4,
      "name": "approval",
      "f1": 0.24185068349106204,
      "precision": 0.3924914675767918,
      "recall": 0.17477203647416414,
      "support": 658
    },
    {
      "id": 15,
      "name": "gratitude",
      "f1": 0.7656967840735069,
      "precision": 0.7112375533428165,
      "recall": 0.8291873963515755,
      "support": 603
    },
    {
      "id": 3,
      "name": "annoyance",
      "f1": 0.14565826330532214,
      "precision": 0.3333333333333333,
      "recall": 0.0931899641577061,
      "support": 558
    },
    {
      "id": 1,
      "name": "amusement",
      "f1": 0.6837909654561559,
      "precision": 0.6327868852459017,
      "recall": 0.74373795761079,
      "support": 519
    },
    {
      "id": 7,
      "name": "curiosity",
      "f1": 0.3798767967145791,
      "precision": 0.3862212943632568,
      "recall": 0.37373737373737376,
      "support": 495
    },
    {
      "id": 18,
      "name": "love",
      "f1": 0.6809815950920245,
      "precision": 0.6466019417475728,
      "recall": 0.7192224622030238,
      "support": 463
    },
    {
      "id": 10,
      "name": "disapproval",
      "f1": 0.2071611253196931,
      "precision": 0.25,
      "recall": 0.17685589519650655,
      "support": 458
    },
    {
      "id": 21,
      "name": "optimism",
      "f1": 0.39215686274509803,
      "precision": 0.46332046332046334,
      "recall": 0.33994334277620397,
      "support": 353
    },
    {
      "id": 2,
      "name": "anger",
      "f1": 0.3538961038961039,
      "precision": 0.4128787878787879,
      "recall": 0.3096590909090909,
      "support": 352
    },
    {
      "id": 17,
      "name": "joy",
      "f1": 0.42485549132947975,
      "precision": 0.3972972972972973,
      "recall": 0.45652173913043476,
      "support": 322
    },
    {
      "id": 6,
      "name": "confusion",
      "f1": 0.21505376344086022,
      "precision": 0.3105590062111801,
      "recall": 0.16447368421052633,
      "support": 304
    },
    {
      "id": 26,
      "name": "sadness",
      "f1": 0.40066225165562913,
      "precision": 0.3941368078175896,
      "recall": 0.4074074074074074,
      "support": 297
    },
    {
      "id": 9,
      "name": "disappointment",
      "f1": 0.17941952506596306,
      "precision": 0.3541666666666667,
      "recall": 0.12014134275618374,
      "support": 283
    },
    {
      "id": 23,
      "name": "realization",
      "f1": 0.08304498269896193,
      "precision": 0.3157894736842105,
      "recall": 0.04780876494023904,
      "support": 251
    },
    {
      "id": 5,
      "name": "caring",
      "f1": 0.15151515151515152,
      "precision": 0.29411764705882354,
      "recall": 0.10204081632653061,
      "support": 245
    },
    {
      "id": 27,
      "name": "surprise",
      "f1": 0.4225352112676056,
      "precision": 0.4838709677419355,
      "recall": 0.375,
      "support": 240
    },
    {
      "id": 13,
      "name": "excitement",
      "f1": 0.2571428571428571,
      "precision": 0.28125,
      "recall": 0.23684210526315788,
      "support": 190
    },
    {
      "id": 11,
      "name": "disgust",
      "f1": 0.316622691292876,
      "precision": 0.30612244897959184,
      "recall": 0.32786885245901637,
      "support": 183
    },
    {
      "id": 8,
      "name": "desire",
      "f1": 0.3486238532110092,
      "precision": 0.5205479452054794,
      "recall": 0.2620689655172414,
      "support": 145
    },
    {
      "id": 14,
      "name": "fear",
      "f1": 0.53125,
      "precision": 0.5619834710743802,
      "recall": 0.5037037037037037,
      "support": 135
    },
    {
      "id": 25,
      "name": "remorse",
      "f1": 0.5562913907284768,
      "precision": 0.46153846153846156,
      "recall": 0.7,
      "support": 120
    },
    {
      "id": 12,
      "name": "embarrassment",
      "f1": 0.19672131147540983,
      "precision": 0.2222222222222222,
      "recall": 0.17647058823529413,
      "support": 68
    },
    {
      "id": 19,
      "name": "nervousness",
      "f1": 0.3389830508474576,
      "precision": 0.45454545454545453,
      "recall": 0.2702702702702703,
      "support": 37
    },
    {
      "id": 24,
      "name": "relief",
      "f1": 0.13333333333333333,
      "precision": 0.25,
      "recall": 0.09090909090909091,
      "support": 33
    },
    {
      "id": 22,
      "name": "pride",
      "f1": 0.13333333333333333,
      "precision": 0.4,
      "recall": 0.08,
      "support": 25
    },
    {
      "id": 16,
      "name": "grief",
      "f1": 0.0,
      "precision": 0.0,
      "recall": 0.0,
      "support": 16
    }
  ]
}